Language,File,Level,SubLevel,PromptType,Question,Question_Sub,Answer,Answer_Sub
"Chinese","Chinese_level_31-100_LucyLMS_Ready.docx","LEVEL 31 | 我的学习计划","SUBLEVEL 1","warmup","你现在有什么学习计划？","nǐ xiànzài yǒu shénme xuéxí jìhuà?","我现在的计划是每天学习两个小时中文，也复习以前学过的课。",""
"Chinese","Chinese_level_31-100_LucyLMS_Ready.docx","LEVEL 31 | 我的学习计划","SUBLEVEL 1","warmup","你现在有什么学习计划？","nǐ xiànzài yǒu shénme xuéxí jìhuà?","我这个学期想把中文学好，所以每天都会听录音和练习说话。",""
"Chinese","Chinese_level_31-100_LucyLMS_Ready.docx","LEVEL 31 | 我的学习计划","SUBLEVEL 2","discussion","你一般怎么学习？","nǐ yībān zěnme xuéxí?","我一般在家看书，也用手机学新单词。",""
"Chinese","Chinese_level_31-100_LucyLMS_Ready.docx","LEVEL 31 | 我的学习计划","SUBLEVEL 2","discussion","你一般怎么学习？","nǐ yībān zěnme xuéxí?","我喜欢跟同学一起学习，这样可以互相帮助。",""
"Chinese","Chinese_level_31-100_LucyLMS_Ready.docx","LEVEL 31 | 我的学习计划","SUBLEVEL 3","follow_up","你觉得学习难吗？为什么？","nǐ juéde xuéxí nán ma? wèishénme?","有一点难，因为有很多新单词。",""
"Chinese","Chinese_level_31-100_LucyLMS_Ready.docx","LEVEL 32 | 我的周末","SUBLEVEL 1","warmup","你的周末一般怎么过？","nǐ de zhōumò yībān zěnme guò?","我的周末比较轻松，我会在家休息或者看电影。",""
"Chinese","Chinese_level_31-100_LucyLMS_Ready.docx","LEVEL 32 | 我的周末","SUBLEVEL 1","warmup","你的周末一般怎么过？","nǐ de zhōumò yībān zěnme guò?","周末我喜欢和朋友一起出去，比如去喝咖啡。",""
"Chinese","Chinese_level_31-100_LucyLMS_Ready.docx","LEVEL 32 | 我的周末","SUBLEVEL 2","discussion","你周末常和谁一起？","nǐ zhōumò cháng hé shéi yìqǐ?","我常和朋友一起，有时候也和家人一起。",""
"Chinese","Chinese_level_31-100_LucyLMS_Ready.docx","LEVEL 32 | 我的周末","SUBLEVEL 2","discussion","你周末常和谁一起？","nǐ zhōumò cháng hé shéi yìqǐ?","我一般一个人，因为我喜欢安静。",""
"Chinese","Chinese_level_31-100_LucyLMS_Ready.docx","LEVEL 32 | 我的周末","SUBLEVEL 3","follow_up","你觉得周末重要吗？为什么？","nǐ juéde zhōumò zhòngyào ma? wèishénme?","很重要，因为可以休息。",""
"Chinese","Chinese_level_31-100_LucyLMS_Ready.docx","LEVEL 33 | 我的旅行经历","SUBLEVEL 1","warmup","你去过哪些地方？","nǐ qùguo nǎxiē dìfang?","我去过岘港和河内，这些地方很漂亮。",""
"Chinese","Chinese_level_31-100_LucyLMS_Ready.docx","LEVEL 33 | 我的旅行经历","SUBLEVEL 1","warmup","你去过哪些地方？","nǐ qùguo nǎxiē dìfang?","我去过中国，去了北京。",""
"Chinese","Chinese_level_31-100_LucyLMS_Ready.docx","LEVEL 33 | 我的旅行经历","SUBLEVEL 2","discussion","你在那儿做了什么？","nǐ zài nàr zuò le shénme?","我看了很多地方，也吃了很多好吃的。",""
"Chinese","Chinese_level_31-100_LucyLMS_Ready.docx","LEVEL 33 | 我的旅行经历","SUBLEVEL 2","discussion","你在那儿做了什么？","nǐ zài nàr zuò le shénme?","我拍了照片，还买了一些东西。",""
"Chinese","Chinese_level_31-100_LucyLMS_Ready.docx","LEVEL 33 | 我的旅行经历","SUBLEVEL 3","follow_up","你喜欢旅行吗？为什么？","nǐ xǐhuān lǚxíng ma? wèishénme?","我很喜欢，因为可以放松。",""
"Chinese","Chinese_level_31-100_LucyLMS_Ready.docx","LEVEL 34 | 学习中文的困难","SUBLEVEL 1","warmup","你觉得学习中文难在哪里？","nǐ juéde xuéxí zhōngwén nán zài nǎlǐ?","我觉得记单词很难，因为很容易忘记。",""
"Chinese","Chinese_level_31-100_LucyLMS_Ready.docx","LEVEL 34 | 学习中文的困难","SUBLEVEL 1","warmup","你觉得学习中文难在哪里？","nǐ juéde xuéxí zhōngwén nán zài nǎlǐ?","我觉得说中文比较难，有时候说不好。",""
"Chinese","Chinese_level_31-100_LucyLMS_Ready.docx","LEVEL 34 | 学习中文的困难","SUBLEVEL 2","discussion","你怎么解决这个问题？","nǐ zěnme jiějué zhège wèntí?","我每天复习单词，也多听录音。",""
"Chinese","Chinese_level_31-100_LucyLMS_Ready.docx","LEVEL 34 | 学习中文的困难","SUBLEVEL 2","discussion","你怎么解决这个问题？","nǐ zěnme jiějué zhège wèntí?","我会多说中文，也请老师帮我。",""
"Chinese","Chinese_level_31-100_LucyLMS_Ready.docx","LEVEL 34 | 学习中文的困难","SUBLEVEL 3","follow_up","你现在有进步吗？","nǐ xiànzài yǒu jìnbù ma?","有，我现在可以说简单的句子。",""
"Chinese","Chinese_level_31-100_LucyLMS_Ready.docx","LEVEL 35 | 我的梦想","SUBLEVEL 1","warmup","你的梦想是什么？","nǐ de mèngxiǎng shì shénme?","我的梦想是当老师。",""
"Chinese","Chinese_level_31-100_LucyLMS_Ready.docx","LEVEL 35 | 我的梦想","SUBLEVEL 1","warmup","你的梦想是什么？","nǐ de mèngxiǎng shì shénme?","我想在公司工作。",""
"Chinese","Chinese_level_31-100_LucyLMS_Ready.docx","LEVEL 35 | 我的梦想","SUBLEVEL 2","discussion","为什么？","wèishénme?","因为我喜欢教学生。",""
"Chinese","Chinese_level_31-100_LucyLMS_Ready.docx","LEVEL 35 | 我的梦想","SUBLEVEL 2","discussion","为什么？","wèishénme?","因为这个工作很好。",""
"Chinese","Chinese_level_31-100_LucyLMS_Ready.docx","LEVEL 35 | 我的梦想","SUBLEVEL 3","follow_up","你现在做什么准备？","nǐ xiànzài zuò shénme zhǔnbèi?","我现在认真学习。",""
"Chinese","Chinese_level_31-100_LucyLMS_Ready.docx","LEVEL 36 | 手机的使用","SUBLEVEL 1","warmup","你每天用手机多长时间？","nǐ měitiān yòng shǒujī duō cháng shíjiān?","我每天用三四个小时。",""
"Chinese","Chinese_level_31-100_LucyLMS_Ready.docx","LEVEL 36 | 手机的使用","SUBLEVEL 1","warmup","你每天用手机多长时间？","nǐ měitiān yòng shǒujī duō cháng shíjiān?","我用得比较多，大概五个小时。",""
"Chinese","Chinese_level_31-100_LucyLMS_Ready.docx","LEVEL 36 | 手机的使用","SUBLEVEL 2","discussion","你常用手机做什么？","nǐ cháng yòng shǒujī zuò shénme?","我用手机聊天、看视频。",""
"Chinese","Chinese_level_31-100_LucyLMS_Ready.docx","LEVEL 36 | 手机的使用","SUBLEVEL 2","discussion","你常用手机做什么？","nǐ cháng yòng shǒujī zuò shénme?","我用手机听音乐、学习。",""
"Chinese","Chinese_level_31-100_LucyLMS_Ready.docx","LEVEL 36 | 手机的使用","SUBLEVEL 3","follow_up","你觉得用手机多好吗？","nǐ juéde yòng shǒujī duō hǎo ma?","不太好，对身体不好。",""
"Chinese","Chinese_level_31-100_LucyLMS_Ready.docx","LEVEL 37 | 健康生活","SUBLEVEL 1","warmup","你平时怎么保持健康？","nǐ píngshí zěnme bǎochí jiànkāng?","我每天运动，也注意吃饭。",""
"Chinese","Chinese_level_31-100_LucyLMS_Ready.docx","LEVEL 37 | 健康生活","SUBLEVEL 1","warmup","你平时怎么保持健康？","nǐ píngshí zěnme bǎochí jiànkāng?","我早睡早起，多喝水。",""
"Chinese","Chinese_level_31-100_LucyLMS_Ready.docx","LEVEL 37 | 健康生活","SUBLEVEL 2","discussion","你常运动吗？","nǐ cháng yùndòng ma?","我一周运动两三次。",""
"Chinese","Chinese_level_31-100_LucyLMS_Ready.docx","LEVEL 37 | 健康生活","SUBLEVEL 2","discussion","你常运动吗？","nǐ cháng yùndòng ma?","我每天走路。",""
"Chinese","Chinese_level_31-100_LucyLMS_Ready.docx","LEVEL 37 | 健康生活","SUBLEVEL 3","follow_up","你觉得健康重要吗？为什么？","nǐ juéde jiànkāng zhòngyào ma? wèishénme?","很重要，因为身体好很重要。",""
"Chinese","Chinese_level_31-100_LucyLMS_Ready.docx","LEVEL 38 | 压力","SUBLEVEL 1","warmup","你有压力吗？","nǐ yǒu yālì ma?","有一点，比如学习压力。",""
"Chinese","Chinese_level_31-100_LucyLMS_Ready.docx","LEVEL 38 | 压力","SUBLEVEL 1","warmup","你有压力吗？","nǐ yǒu yālì ma?","有时候有，因为事情很多。",""
"Chinese","Chinese_level_31-100_LucyLMS_Ready.docx","LEVEL 38 | 压力","SUBLEVEL 2","discussion","你怎么放松？","nǐ zěnme fàngsōng?","我听音乐。",""
"Chinese","Chinese_level_31-100_LucyLMS_Ready.docx","LEVEL 38 | 压力","SUBLEVEL 2","discussion","你怎么放松？","nǐ zěnme fàngsōng?","我和朋友聊天。",""
"Chinese","Chinese_level_31-100_LucyLMS_Ready.docx","LEVEL 38 | 压力","SUBLEVEL 3","follow_up","压力多好吗？","yālì duō hǎo ma?","不太好，会很累。",""
"Chinese","Chinese_level_31-100_LucyLMS_Ready.docx","LEVEL 39 | 网络生活","SUBLEVEL 1","warmup","你每天上网吗？","nǐ měitiān shàngwǎng ma?","我每天都上网。",""
"Chinese","Chinese_level_31-100_LucyLMS_Ready.docx","LEVEL 39 | 网络生活","SUBLEVEL 1","warmup","你每天上网吗？","nǐ měitiān shàngwǎng ma?","我不常上网。",""
"Chinese","Chinese_level_31-100_LucyLMS_Ready.docx","LEVEL 39 | 网络生活","SUBLEVEL 2","discussion","你上网做什么？","nǐ shàngwǎng zuò shénme?","我看视频，也聊天。",""
"Chinese","Chinese_level_31-100_LucyLMS_Ready.docx","LEVEL 39 | 网络生活","SUBLEVEL 2","discussion","你上网做什么？","nǐ shàngwǎng zuò shénme?","我看新闻，也学习。",""
"Chinese","Chinese_level_31-100_LucyLMS_Ready.docx","LEVEL 39 | 网络生活","SUBLEVEL 3","follow_up","你觉得上网好吗？","nǐ juéde shàngwǎng hǎo ma?","很方便，但是不能太多。",""
"Chinese","Chinese_level_31-100_LucyLMS_Ready.docx","LEVEL 40 | 看书","SUBLEVEL 1","warmup","你喜欢看书吗？","nǐ xǐhuān kàn shū ma?","我很喜欢。",""
"Chinese","Chinese_level_31-100_LucyLMS_Ready.docx","LEVEL 40 | 看书","SUBLEVEL 1","warmup","你喜欢看书吗？","nǐ xǐhuān kàn shū ma?","我不太喜欢。",""
"Chinese","Chinese_level_31-100_LucyLMS_Ready.docx","LEVEL 40 | 看书","SUBLEVEL 2","discussion","你看什么书？","nǐ kàn shénme shū?","我看小说。",""
"Chinese","Chinese_level_31-100_LucyLMS_Ready.docx","LEVEL 40 | 看书","SUBLEVEL 2","discussion","你看什么书？","nǐ kàn shénme shū?","我看学习的书。",""
"Chinese","Chinese_level_31-100_LucyLMS_Ready.docx","LEVEL 40 | 看书","SUBLEVEL 3","follow_up","你多久看一次？","nǐ duō jiǔ kàn yí cì?","我每天看一点。",""
"Chinese","Chinese_level_31-100_LucyLMS_Ready.docx","LEVEL 41 | 学习和生活","SUBLEVEL 1","warmup","你觉得学习和生活容易安排吗？","nǐ juéde xuéxí hé shēnghuó róngyì ānpái ma?","有一点难，因为时间不多。",""
"Chinese","Chinese_level_31-100_LucyLMS_Ready.docx","LEVEL 41 | 学习和生活","SUBLEVEL 1","warmup","你觉得学习和生活容易安排吗？","nǐ juéde xuéxí hé shēnghuó róngyì ānpái ma?","还可以，我会安排时间。",""
"Chinese","Chinese_level_31-100_LucyLMS_Ready.docx","LEVEL 41 | 学习和生活","SUBLEVEL 2","discussion","你怎么安排时间？","nǐ zěnme ānpái shíjiān?","我先学习，再休息。",""
"Chinese","Chinese_level_31-100_LucyLMS_Ready.docx","LEVEL 41 | 学习和生活","SUBLEVEL 2","discussion","你怎么安排时间？","nǐ zěnme ānpái shíjiān?","我每天都有计划。",""
"Chinese","Chinese_level_31-100_LucyLMS_Ready.docx","LEVEL 41 | 学习和生活","SUBLEVEL 3","follow_up","你觉得休息重要吗？","nǐ juéde xiūxi zhòngyào ma?","很重要，可以放松。",""
"Chinese","Chinese_level_31-100_LucyLMS_Ready.docx","LEVEL 42 | 我的爱好变化","SUBLEVEL 1","warmup","你现在的爱好和以前一样吗？","nǐ xiànzài de àihào hé yǐqián yíyàng ma?","不一样，我现在更喜欢运动。",""
"Chinese","Chinese_level_31-100_LucyLMS_Ready.docx","LEVEL 42 | 我的爱好变化","SUBLEVEL 1","warmup","你现在的爱好和以前一样吗？","nǐ xiànzài de àihào hé yǐqián yíyàng ma?","有一点一样，我还是喜欢听音乐。",""
"Chinese","Chinese_level_31-100_LucyLMS_Ready.docx","LEVEL 42 | 我的爱好变化","SUBLEVEL 2","discussion","为什么会有变化？","wèishénme huì yǒu biànhuà?","因为我想更健康。",""
"Chinese","Chinese_level_31-100_LucyLMS_Ready.docx","LEVEL 42 | 我的爱好变化","SUBLEVEL 2","discussion","为什么会有变化？","wèishénme huì yǒu biànhuà?","因为我有新的朋友。",""
"Chinese","Chinese_level_31-100_LucyLMS_Ready.docx","LEVEL 42 | 我的爱好变化","SUBLEVEL 3","follow_up","你觉得有爱好重要吗？","nǐ juéde yǒu àihào zhòngyào ma?","很重要，可以让生活更有意思。",""
"Chinese","Chinese_level_31-100_LucyLMS_Ready.docx","LEVEL 43 | 我的同学","SUBLEVEL 1","warmup","你的同学怎么样？","nǐ de tóngxué zěnmeyàng?","我的同学很友好，也很热情。",""
"Chinese","Chinese_level_31-100_LucyLMS_Ready.docx","LEVEL 43 | 我的同学","SUBLEVEL 1","warmup","你的同学怎么样？","nǐ de tóngxué zěnmeyàng?","大家都很好，学习也很认真。",""
"Chinese","Chinese_level_31-100_LucyLMS_Ready.docx","LEVEL 43 | 我的同学","SUBLEVEL 2","discussion","你常和同学做什么？","nǐ cháng hé tóngxué zuò shénme?","我们一起学习，也一起吃饭。",""
"Chinese","Chinese_level_31-100_LucyLMS_Ready.docx","LEVEL 43 | 我的同学","SUBLEVEL 2","discussion","你常和同学做什么？","nǐ cháng hé tóngxué zuò shénme?","我们有时候一起出去玩。",""
"Chinese","Chinese_level_31-100_LucyLMS_Ready.docx","LEVEL 43 | 我的同学","SUBLEVEL 3","follow_up","你喜欢和同学一起学习吗？为什么？","nǐ xǐhuān hé tóngxué yìqǐ xuéxí ma? wèishénme?","喜欢，因为可以互相帮助。",""
"Chinese","Chinese_level_31-100_LucyLMS_Ready.docx","LEVEL 44 | 我的老师（进阶）","SUBLEVEL 1","warmup","你最喜欢的老师是谁？为什么？","nǐ zuì xǐhuān de lǎoshī shì shéi? wèishénme?","我最喜欢中文老师，因为她上课很有意思。",""
"Chinese","Chinese_level_31-100_LucyLMS_Ready.docx","LEVEL 44 | 我的老师（进阶）","SUBLEVEL 1","warmup","你最喜欢的老师是谁？为什么？","nǐ zuì xǐhuān de lǎoshī shì shéi? wèishénme?","我喜欢英语老师，因为他很耐心。",""
"Chinese","Chinese_level_31-100_LucyLMS_Ready.docx","LEVEL 44 | 我的老师（进阶）","SUBLEVEL 2","discussion","老师上课时你一般做什么？","lǎoshī shàng kè shí nǐ yībān zuò shénme?","我认真听讲，也做笔记。",""
"Chinese","Chinese_level_31-100_LucyLMS_Ready.docx","LEVEL 44 | 我的老师（进阶）","SUBLEVEL 2","discussion","老师上课时你一般做什么？","lǎoshī shàng kè shí nǐ yībān zuò shénme?","我回答问题，也参加讨论。",""
"Chinese","Chinese_level_31-100_LucyLMS_Ready.docx","LEVEL 44 | 我的老师（进阶）","SUBLEVEL 3","follow_up","你觉得老师重要吗？为什么？","nǐ juéde lǎoshī zhòngyào ma? wèishénme?","很重要，因为老师可以帮助我们学习。",""
"Chinese","Chinese_level_31-100_LucyLMS_Ready.docx","LEVEL 45 | 我的房间","SUBLEVEL 1","warmup","你的房间大吗？有什么？","nǐ de fángjiān dà ma? yǒu shénme?","不太大，有一张床和一张桌子。",""
"Chinese","Chinese_level_31-100_LucyLMS_Ready.docx","LEVEL 45 | 我的房间","SUBLEVEL 1","warmup","你的房间大吗？有什么？","nǐ de fángjiān dà ma? yǒu shénme?","我的房间很干净，还有很多书。",""
"Chinese","Chinese_level_31-100_LucyLMS_Ready.docx","LEVEL 45 | 我的房间","SUBLEVEL 2","discussion","你喜欢你的房间吗？为什么？","nǐ xǐhuān nǐ de fángjiān ma? wèishénme?","很喜欢，因为很安静。",""
"Chinese","Chinese_level_31-100_LucyLMS_Ready.docx","LEVEL 45 | 我的房间","SUBLEVEL 2","discussion","你喜欢你的房间吗？为什么？","nǐ xǐhuān nǐ de fángjiān ma? wèishénme?","喜欢，因为很舒服。",""
"Chinese","Chinese_level_31-100_LucyLMS_Ready.docx","LEVEL 45 | 我的房间","SUBLEVEL 3","follow_up","你平时在房间做什么？","nǐ píngshí zài fángjiān zuò shénme?","我在房间学习。",""
"Chinese","Chinese_level_31-100_LucyLMS_Ready.docx","LEVEL 46 | 我的作息时间","SUBLEVEL 1","warmup","你每天几点睡觉？","nǐ měitiān jǐ diǎn shuìjiào?","我每天十一点睡觉。",""
"Chinese","Chinese_level_31-100_LucyLMS_Ready.docx","LEVEL 46 | 我的作息时间","SUBLEVEL 1","warmup","你每天几点睡觉？","nǐ měitiān jǐ diǎn shuìjiào?","我十点半睡觉。",""
"Chinese","Chinese_level_31-100_LucyLMS_Ready.docx","LEVEL 46 | 我的作息时间","SUBLEVEL 2","discussion","你觉得你的作息规律吗？","nǐ juéde nǐ de zuòxī guīlǜ ma?","比较规律。",""
"Chinese","Chinese_level_31-100_LucyLMS_Ready.docx","LEVEL 46 | 我的作息时间","SUBLEVEL 2","discussion","你觉得你的作息规律吗？","nǐ juéde nǐ de zuòxī guīlǜ ma?","不太规律。",""
"Chinese","Chinese_level_31-100_LucyLMS_Ready.docx","LEVEL 46 | 我的作息时间","SUBLEVEL 3","follow_up","你觉得早睡早起好吗？为什么？","nǐ juéde zǎo shuì zǎo qǐ hǎo ma? wèishénme?","很好，对身体好。",""
"Chinese","Chinese_level_31-100_LucyLMS_Ready.docx","LEVEL 47 | 吃饭习惯","SUBLEVEL 1","warmup","你每天按时吃饭吗？","nǐ měitiān àn shí chīfàn ma?","我每天都按时吃饭。",""
"Chinese","Chinese_level_31-100_LucyLMS_Ready.docx","LEVEL 47 | 吃饭习惯","SUBLEVEL 1","warmup","你每天按时吃饭吗？","nǐ měitiān àn shí chīfàn ma?","有时候不按时。",""
"Chinese","Chinese_level_31-100_LucyLMS_Ready.docx","LEVEL 47 | 吃饭习惯","SUBLEVEL 2","discussion","你喜欢在家吃还是在外面吃？","nǐ xǐhuān zài jiā chī háishì zài wàimiàn chī?","我喜欢在家吃。",""
"Chinese","Chinese_level_31-100_LucyLMS_Ready.docx","LEVEL 47 | 吃饭习惯","SUBLEVEL 2","discussion","你喜欢在家吃还是在外面吃？","nǐ xǐhuān zài jiā chī háishì zài wàimiàn chī?","我更喜欢在外面吃。",""
"Chinese","Chinese_level_31-100_LucyLMS_Ready.docx","LEVEL 47 | 吃饭习惯","SUBLEVEL 3","follow_up","为什么？","wèishénme?","因为在家比较健康。",""
"Chinese","Chinese_level_31-100_LucyLMS_Ready.docx","LEVEL 48 | 去超市","SUBLEVEL 1","warmup","你多久去一次超市？","nǐ duō jiǔ qù yí cì chāoshì?","我一周去一次。",""
"Chinese","Chinese_level_31-100_LucyLMS_Ready.docx","LEVEL 48 | 去超市","SUBLEVEL 1","warmup","你多久去一次超市？","nǐ duō jiǔ qù yí cì chāoshì?","我有时候去。",""
"Chinese","Chinese_level_31-100_LucyLMS_Ready.docx","LEVEL 48 | 去超市","SUBLEVEL 2","discussion","你一般买什么？","nǐ yībān mǎi shénme?","我买吃的和水果。",""
"Chinese","Chinese_level_31-100_LucyLMS_Ready.docx","LEVEL 48 | 去超市","SUBLEVEL 2","discussion","你一般买什么？","nǐ yībān mǎi shénme?","我买日常用品。",""
"Chinese","Chinese_level_31-100_LucyLMS_Ready.docx","LEVEL 48 | 去超市","SUBLEVEL 3","follow_up","你喜欢一个人去还是和朋友一起去？","nǐ xǐhuān yí gè rén qù háishì hé péngyou yìqǐ qù?","我喜欢一个人去。",""
"Chinese","Chinese_level_31-100_LucyLMS_Ready.docx","LEVEL 49 | 交通工具","SUBLEVEL 1","warmup","你平时用什么交通工具？","nǐ píngshí yòng shénme jiāotōng gōngjù?","我骑车。",""
"Chinese","Chinese_level_31-100_LucyLMS_Ready.docx","LEVEL 49 | 交通工具","SUBLEVEL 1","warmup","你平时用什么交通工具？","nǐ píngshí yòng shénme jiāotōng gōngjù?","我坐公交车。",""
"Chinese","Chinese_level_31-100_LucyLMS_Ready.docx","LEVEL 49 | 交通工具","SUBLEVEL 2","discussion","为什么选择这种方式？","wèishénme xuǎnzé zhèzhǒng fāngshì?","因为方便。",""
"Chinese","Chinese_level_31-100_LucyLMS_Ready.docx","LEVEL 49 | 交通工具","SUBLEVEL 2","discussion","为什么选择这种方式？","wèishénme xuǎnzé zhèzhǒng fāngshì?","因为比较便宜。",""
"Chinese","Chinese_level_31-100_LucyLMS_Ready.docx","LEVEL 49 | 交通工具","SUBLEVEL 3","follow_up","你觉得交通方便吗？","nǐ juéde jiāotōng fāngbiàn ma?","很方便。",""
"Chinese","Chinese_level_31-100_LucyLMS_Ready.docx","LEVEL 50 | 天气的影响","SUBLEVEL 1","warmup","天气会影响你的心情吗？","tiānqì huì yǐngxiǎng nǐ de xīnqíng ma?","会，下雨天我不太开心。",""
"Chinese","Chinese_level_31-100_LucyLMS_Ready.docx","LEVEL 50 | 天气的影响","SUBLEVEL 1","warmup","天气会影响你的心情吗？","tiānqì huì yǐngxiǎng nǐ de xīnqíng ma?","会，晴天我很高兴。",""
"Chinese","Chinese_level_31-100_LucyLMS_Ready.docx","LEVEL 50 | 天气的影响","SUBLEVEL 2","discussion","你喜欢什么天气？","nǐ xǐhuān shénme tiānqì?","我喜欢凉快的天气。",""
"Chinese","Chinese_level_31-100_LucyLMS_Ready.docx","LEVEL 50 | 天气的影响","SUBLEVEL 2","discussion","你喜欢什么天气？","nǐ xǐhuān shénme tiānqì?","我喜欢晴天。",""
"Chinese","Chinese_level_31-100_LucyLMS_Ready.docx","LEVEL 50 | 天气的影响","SUBLEVEL 3","follow_up","不同天气你会做什么？","bùtóng tiānqì nǐ huì zuò shénme?","下雨天我在家休息。",""
"Chinese","Chinese_level_31-100_LucyLMS_Ready.docx","LEVEL 51 | 看电影（进阶）","SUBLEVEL 1","warmup","你最近看了什么电影？","nǐ zuìjìn kàn le shénme diànyǐng?","我最近看了一部爱情电影。",""
"Chinese","Chinese_level_31-100_LucyLMS_Ready.docx","LEVEL 51 | 看电影（进阶）","SUBLEVEL 1","warmup","你最近看了什么电影？","nǐ zuìjìn kàn le shénme diànyǐng?","我看了一部很有意思的电影。",""
"Chinese","Chinese_level_31-100_LucyLMS_Ready.docx","LEVEL 51 | 看电影（进阶）","SUBLEVEL 2","discussion","你觉得这部电影怎么样？","nǐ juéde zhè bù diànyǐng zěnmeyàng?","我觉得很好看。",""
"Chinese","Chinese_level_31-100_LucyLMS_Ready.docx","LEVEL 51 | 看电影（进阶）","SUBLEVEL 2","discussion","你觉得这部电影怎么样？","nǐ juéde zhè bù diànyǐng zěnmeyàng?","我觉得一般。",""
"Chinese","Chinese_level_31-100_LucyLMS_Ready.docx","LEVEL 51 | 看电影（进阶）","SUBLEVEL 3","follow_up","你喜欢在家看还是去电影院？为什么？","nǐ xǐhuān zài jiā kàn háishì qù diànyǐngyuàn? wèishénme?","我喜欢在家看，因为方便。",""
"Chinese","Chinese_level_31-100_LucyLMS_Ready.docx","LEVEL 52 | 听音乐（进阶）","SUBLEVEL 1","warmup","你每天听音乐吗？","nǐ měitiān tīng yīnyuè ma?","我每天都会听。",""
"Chinese","Chinese_level_31-100_LucyLMS_Ready.docx","LEVEL 52 | 听音乐（进阶）","SUBLEVEL 1","warmup","你每天听音乐吗？","nǐ měitiān tīng yīnyuè ma?","我有时候听。",""
"Chinese","Chinese_level_31-100_LucyLMS_Ready.docx","LEVEL 52 | 听音乐（进阶）","SUBLEVEL 2","discussion","你喜欢听什么音乐？","nǐ xǐhuān tīng shénme yīnyuè?","我喜欢流行音乐。",""
"Chinese","Chinese_level_31-100_LucyLMS_Ready.docx","LEVEL 52 | 听音乐（进阶）","SUBLEVEL 2","discussion","你喜欢听什么音乐？","nǐ xǐhuān tīng shénme yīnyuè?","我喜欢轻音乐。",""
"Chinese","Chinese_level_31-100_LucyLMS_Ready.docx","LEVEL 52 | 听音乐（进阶）","SUBLEVEL 3","follow_up","音乐对你有什么影响？","yīnyuè duì nǐ yǒu shénme yǐngxiǎng?","可以让我放松。",""
"Chinese","Chinese_level_31-100_LucyLMS_Ready.docx","LEVEL 53 | 饮食习惯","SUBLEVEL 1","warmup","你觉得你的饮食健康吗？","nǐ juéde nǐ de yǐnshí jiànkāng ma?","比较健康，我少吃油腻的食物。",""
"Chinese","Chinese_level_31-100_LucyLMS_Ready.docx","LEVEL 53 | 饮食习惯","SUBLEVEL 1","warmup","你觉得你的饮食健康吗？","nǐ juéde nǐ de yǐnshí jiànkāng ma?","不太健康，我经常吃外卖。",""
"Chinese","Chinese_level_31-100_LucyLMS_Ready.docx","LEVEL 53 | 饮食习惯","SUBLEVEL 2","discussion","你最喜欢吃什么？","nǐ zuì xǐhuān chī shénme?","我最喜欢吃米饭和蔬菜。",""
"Chinese","Chinese_level_31-100_LucyLMS_Ready.docx","LEVEL 53 | 饮食习惯","SUBLEVEL 2","discussion","你最喜欢吃什么？","nǐ zuì xǐhuān chī shénme?","我很喜欢吃越南菜。",""
"Chinese","Chinese_level_31-100_LucyLMS_Ready.docx","LEVEL 53 | 饮食习惯","SUBLEVEL 3","follow_up","你觉得饮食重要吗？","nǐ juéde yǐnshí zhòngyào ma?","很重要，饮食影响健康。",""
"Chinese","Chinese_level_31-100_LucyLMS_Ready.docx","LEVEL 54 | 学习方法","SUBLEVEL 1","warmup","你觉得什么学习方法最有效？","nǐ juéde shénme xuéxí fāngfǎ zuì yǒuxiào?","我觉得每天复习最重要。",""
"Chinese","Chinese_level_31-100_LucyLMS_Ready.docx","LEVEL 54 | 学习方法","SUBLEVEL 1","warmup","你觉得什么学习方法最有效？","nǐ juéde shénme xuéxí fāngfǎ zuì yǒuxiào?","我觉得多练习说话最有效。",""
"Chinese","Chinese_level_31-100_LucyLMS_Ready.docx","LEVEL 54 | 学习方法","SUBLEVEL 2","discussion","你怎么记单词？","nǐ zěnme jì dāncí?","我用卡片记单词。",""
"Chinese","Chinese_level_31-100_LucyLMS_Ready.docx","LEVEL 54 | 学习方法","SUBLEVEL 2","discussion","你怎么记单词？","nǐ zěnme jì dāncí?","我每天用手机复习。",""
"Chinese","Chinese_level_31-100_LucyLMS_Ready.docx","LEVEL 54 | 学习方法","SUBLEVEL 3","follow_up","你觉得听力重要吗？","nǐ juéde tīnglì zhòngyào ma?","很重要，可以帮助说话。",""
"Chinese","Chinese_level_31-100_LucyLMS_Ready.docx","LEVEL 55 | 朋友关系","SUBLEVEL 1","warmup","你觉得朋友重要吗？为什么？","nǐ juéde péngyou zhòngyào ma? wèishénme?","很重要，朋友可以帮助我。",""
"Chinese","Chinese_level_31-100_LucyLMS_Ready.docx","LEVEL 55 | 朋友关系","SUBLEVEL 1","warmup","你觉得朋友重要吗？为什么？","nǐ juéde péngyou zhòngyào ma? wèishénme?","很重要，有朋友生活更快乐。",""
"Chinese","Chinese_level_31-100_LucyLMS_Ready.docx","LEVEL 55 | 朋友关系","SUBLEVEL 2","discussion","你和朋友常做什么？","nǐ hé péngyou cháng zuò shénme?","我们一起吃饭，也一起学习。",""
"Chinese","Chinese_level_31-100_LucyLMS_Ready.docx","LEVEL 55 | 朋友关系","SUBLEVEL 2","discussion","你和朋友常做什么？","nǐ hé péngyou cháng zuò shénme?","我们有时候一起去看电影。",""
"Chinese","Chinese_level_31-100_LucyLMS_Ready.docx","LEVEL 55 | 朋友关系","SUBLEVEL 3","follow_up","你觉得维持友情需要什么？","nǐ juéde wéichí yǒuqíng xūyào shénme?","需要互相理解和支持。",""
"Chinese","Chinese_level_31-100_LucyLMS_Ready.docx","LEVEL 56 | 家庭关系","SUBLEVEL 1","warmup","你和家人的关系怎么样？","nǐ hé jiārén de guānxi zěnmeyàng?","我和家人关系很好。",""
"Chinese","Chinese_level_31-100_LucyLMS_Ready.docx","LEVEL 56 | 家庭关系","SUBLEVEL 1","warmup","你和家人的关系怎么样？","nǐ hé jiārén de guānxi zěnmeyàng?","我很爱我的家人。",""
"Chinese","Chinese_level_31-100_LucyLMS_Ready.docx","LEVEL 56 | 家庭关系","SUBLEVEL 2","discussion","你家人对你的学习有什么看法？","nǐ jiārén duì nǐ de xuéxí yǒu shénme kànfǎ?","他们支持我学习。",""
"Chinese","Chinese_level_31-100_LucyLMS_Ready.docx","LEVEL 56 | 家庭关系","SUBLEVEL 2","discussion","你家人对你的学习有什么看法？","nǐ jiārén duì nǐ de xuéxí yǒu shénme kànfǎ?","他们希望我努力学习。",""
"Chinese","Chinese_level_31-100_LucyLMS_Ready.docx","LEVEL 56 | 家庭关系","SUBLEVEL 3","follow_up","你平时怎么帮助家人？","nǐ píngshí zěnme bāngzhù jiārén?","我帮忙做家务。",""
"Chinese","Chinese_level_31-100_LucyLMS_Ready.docx","LEVEL 57 | 计划与目标","SUBLEVEL 1","warmup","你今年有什么目标？","nǐ jīnnián yǒu shénme mùbiāo?","我的目标是把中文学好。",""
"Chinese","Chinese_level_31-100_LucyLMS_Ready.docx","LEVEL 57 | 计划与目标","SUBLEVEL 1","warmup","你今年有什么目标？","nǐ jīnnián yǒu shénme mùbiāo?","我想找到一份好工作。",""
"Chinese","Chinese_level_31-100_LucyLMS_Ready.docx","LEVEL 57 | 计划与目标","SUBLEVEL 2","discussion","你怎么实现自己的目标？","nǐ zěnme shíxiàn zìjǐ de mùbiāo?","我每天坚持学习。",""
"Chinese","Chinese_level_31-100_LucyLMS_Ready.docx","LEVEL 57 | 计划与目标","SUBLEVEL 2","discussion","你怎么实现自己的目标？","nǐ zěnme shíxiàn zìjǐ de mùbiāo?","我会制定计划，一步一步来。",""
"Chinese","Chinese_level_31-100_LucyLMS_Ready.docx","LEVEL 57 | 计划与目标","SUBLEVEL 3","follow_up","你觉得目标重要吗？","nǐ juéde mùbiāo zhòngyào ma?","很重要，有目标才有方向。",""
"Chinese","Chinese_level_31-100_LucyLMS_Ready.docx","LEVEL 58 | 城市与农村","SUBLEVEL 1","warmup","你喜欢住在城市还是农村？","nǐ xǐhuān zhù zài chéngshì háishì nóngcūn?","我喜欢住在城市，因为很方便。",""
"Chinese","Chinese_level_31-100_LucyLMS_Ready.docx","LEVEL 58 | 城市与农村","SUBLEVEL 1","warmup","你喜欢住在城市还是农村？","nǐ xǐhuān zhù zài chéngshì háishì nóngcūn?","我喜欢农村，因为很安静。",""
"Chinese","Chinese_level_31-100_LucyLMS_Ready.docx","LEVEL 58 | 城市与农村","SUBLEVEL 2","discussion","城市和农村有什么不同？","chéngshì hé nóngcūn yǒu shénme bùtóng?","城市交通方便，但是空气不好。",""
"Chinese","Chinese_level_31-100_LucyLMS_Ready.docx","LEVEL 58 | 城市与农村","SUBLEVEL 2","discussion","城市和农村有什么不同？","chéngshì hé nóngcūn yǒu shénme bùtóng?","农村空气好，但是不太方便。",""
"Chinese","Chinese_level_31-100_LucyLMS_Ready.docx","LEVEL 58 | 城市与农村","SUBLEVEL 3","follow_up","你现在住在哪里？","nǐ xiànzài zhù zài nǎlǐ?","我住在城市。",""
"Chinese","Chinese_level_31-100_LucyLMS_Ready.docx","LEVEL 59 | 环境保护","SUBLEVEL 1","warmup","你觉得环境问题重要吗？","nǐ juéde huánjìng wèntí zhòngyào ma?","很重要，我们要保护环境。",""
"Chinese","Chinese_level_31-100_LucyLMS_Ready.docx","LEVEL 59 | 环境保护","SUBLEVEL 1","warmup","你觉得环境问题重要吗？","nǐ juéde huánjìng wèntí zhòngyào ma?","很重要，因为影响我们的生活。",""
"Chinese","Chinese_level_31-100_LucyLMS_Ready.docx","LEVEL 59 | 环境保护","SUBLEVEL 2","discussion","你平时怎么保护环境？","nǐ píngshí zěnme bǎohù huánjìng?","我少用塑料袋。",""
"Chinese","Chinese_level_31-100_LucyLMS_Ready.docx","LEVEL 59 | 环境保护","SUBLEVEL 2","discussion","你平时怎么保护环境？","nǐ píngshí zěnme bǎohù huánjìng?","我尽量坐公交车。",""
"Chinese","Chinese_level_31-100_LucyLMS_Ready.docx","LEVEL 59 | 环境保护","SUBLEVEL 3","follow_up","你觉得每个人都有责任保护环境吗？","nǐ juéde měi gè rén dōu yǒu zérèn bǎohù huánjìng ma?","有责任，每个人都要参与。",""
"Chinese","Chinese_level_31-100_LucyLMS_Ready.docx","LEVEL 60 | 科技与生活","SUBLEVEL 1","warmup","科技对你的生活有什么影响？","kējì duì nǐ de shēnghuó yǒu shénme yǐngxiǎng?","科技让我的生活更方便。",""
"Chinese","Chinese_level_31-100_LucyLMS_Ready.docx","LEVEL 60 | 科技与生活","SUBLEVEL 1","warmup","科技对你的生活有什么影响？","kējì duì nǐ de shēnghuó yǒu shénme yǐngxiǎng?","科技帮助我学习和工作。",""
"Chinese","Chinese_level_31-100_LucyLMS_Ready.docx","LEVEL 60 | 科技与生活","SUBLEVEL 2","discussion","你觉得科技的发展好吗？","nǐ juéde kējì de fāzhǎn hǎo ma?","很好，可以解决很多问题。",""
"Chinese","Chinese_level_31-100_LucyLMS_Ready.docx","LEVEL 60 | 科技与生活","SUBLEVEL 2","discussion","你觉得科技的发展好吗？","nǐ juéde kējì de fāzhǎn hǎo ma?","好，但是也有一些问题。",""
"Chinese","Chinese_level_31-100_LucyLMS_Ready.docx","LEVEL 60 | 科技与生活","SUBLEVEL 3","follow_up","你最喜欢哪种科技产品？","nǐ zuì xǐhuān nǎzhǒng kējì chǎnpǐn?","我最喜欢手机。",""
"Chinese","Chinese_level_31-100_LucyLMS_Ready.docx","LEVEL 61 | 文化差异","SUBLEVEL 1","warmup","你了解中国文化吗？","nǐ liǎojiě zhōngguó wénhuà ma?","我了解一点，比如春节和中秋节。",""
"Chinese","Chinese_level_31-100_LucyLMS_Ready.docx","LEVEL 61 | 文化差异","SUBLEVEL 1","warmup","你了解中国文化吗？","nǐ liǎojiě zhōngguó wénhuà ma?","我很感兴趣，想多了解。",""
"Chinese","Chinese_level_31-100_LucyLMS_Ready.docx","LEVEL 61 | 文化差异","SUBLEVEL 2","discussion","中国文化和越南文化有什么不同？","zhōngguó wénhuà hé yuènán wénhuà yǒu shénme bùtóng?","饮食不一样，但是都很好吃。",""
"Chinese","Chinese_level_31-100_LucyLMS_Ready.docx","LEVEL 61 | 文化差异","SUBLEVEL 2","discussion","中国文化和越南文化有什么不同？","zhōngguó wénhuà hé yuènán wénhuà yǒu shénme bùtóng?","节日有一些不同，但很多习惯相似。",""
"Chinese","Chinese_level_31-100_LucyLMS_Ready.docx","LEVEL 61 | 文化差异","SUBLEVEL 3","follow_up","你觉得了解别国文化重要吗？","nǐ juéde liǎojiě bié guó wénhuà zhòngyào ma?","很重要，可以增进理解。",""
"Chinese","Chinese_level_31-100_LucyLMS_Ready.docx","LEVEL 62 | 工作与学习的平衡","SUBLEVEL 1","warmup","你觉得工作和学习可以同时进行吗？","nǐ juéde gōngzuò hé xuéxí kěyǐ tóngshí jìnxíng ma?","可以，但需要合理安排时间。",""
"Chinese","Chinese_level_31-100_LucyLMS_Ready.docx","LEVEL 62 | 工作与学习的平衡","SUBLEVEL 1","warmup","你觉得工作和学习可以同时进行吗？","nǐ juéde gōngzuò hé xuéxí kěyǐ tóngshí jìnxíng ma?","有点难，因为时间有限。",""
"Chinese","Chinese_level_31-100_LucyLMS_Ready.docx","LEVEL 62 | 工作与学习的平衡","SUBLEVEL 2","discussion","你怎么平衡工作和学习？","nǐ zěnme pínghéng gōngzuò hé xuéxí?","我每天制定计划。",""
"Chinese","Chinese_level_31-100_LucyLMS_Ready.docx","LEVEL 62 | 工作与学习的平衡","SUBLEVEL 2","discussion","你怎么平衡工作和学习？","nǐ zěnme pínghéng gōngzuò hé xuéxí?","我先完成重要的事情。",""
"Chinese","Chinese_level_31-100_LucyLMS_Ready.docx","LEVEL 62 | 工作与学习的平衡","SUBLEVEL 3","follow_up","你觉得哪个更重要？","nǐ juéde nǎ gè gèng zhòngyào?","两个都重要，缺一不可。",""
"Chinese","Chinese_level_31-100_LucyLMS_Ready.docx","LEVEL 63 | 感恩与感谢","SUBLEVEL 1","warmup","你觉得感恩重要吗？","nǐ juéde gǎn'ēn zhòngyào ma?","很重要，要感谢帮助我们的人。",""
"Chinese","Chinese_level_31-100_LucyLMS_Ready.docx","LEVEL 63 | 感恩与感谢","SUBLEVEL 1","warmup","你觉得感恩重要吗？","nǐ juéde gǎn'ēn zhòngyào ma?","很重要，感恩让人更快乐。",""
"Chinese","Chinese_level_31-100_LucyLMS_Ready.docx","LEVEL 63 | 感恩与感谢","SUBLEVEL 2","discussion","你最感谢谁？为什么？","nǐ zuì gǎnxiè shéi? wèishénme?","我最感谢我的父母，因为他们支持我。",""
"Chinese","Chinese_level_31-100_LucyLMS_Ready.docx","LEVEL 63 | 感恩与感谢","SUBLEVEL 2","discussion","你最感谢谁？为什么？","nǐ zuì gǎnxiè shéi? wèishénme?","我很感谢我的老师，因为他们教了我很多。",""
"Chinese","Chinese_level_31-100_LucyLMS_Ready.docx","LEVEL 63 | 感恩与感谢","SUBLEVEL 3","follow_up","你怎么表达感谢？","nǐ zěnme biǎodá gǎnxiè?","我说谢谢，也会送礼物。",""
"Chinese","Chinese_level_31-100_LucyLMS_Ready.docx","LEVEL 64 | 节假日","SUBLEVEL 1","warmup","你喜欢哪个节日？为什么？","nǐ xǐhuān nǎ gè jiérì? wèishénme?","我喜欢春节，因为可以和家人在一起。",""
"Chinese","Chinese_level_31-100_LucyLMS_Ready.docx","LEVEL 64 | 节假日","SUBLEVEL 1","warmup","你喜欢哪个节日？为什么？","nǐ xǐhuān nǎ gè jiérì? wèishénme?","我喜欢中秋节，因为可以赏月。",""
"Chinese","Chinese_level_31-100_LucyLMS_Ready.docx","LEVEL 64 | 节假日","SUBLEVEL 2","discussion","节日的时候你一般做什么？","jiérì de shíhou nǐ yībān zuò shénme?","我和家人一起吃饭。",""
"Chinese","Chinese_level_31-100_LucyLMS_Ready.docx","LEVEL 64 | 节假日","SUBLEVEL 2","discussion","节日的时候你一般做什么？","jiérì de shíhou nǐ yībān zuò shénme?","我和朋友一起庆祝。",""
"Chinese","Chinese_level_31-100_LucyLMS_Ready.docx","LEVEL 64 | 节假日","SUBLEVEL 3","follow_up","你觉得节日重要吗？","nǐ juéde jiérì zhòngyào ma?","很重要，可以和家人团聚。",""
"Chinese","Chinese_level_31-100_LucyLMS_Ready.docx","LEVEL 65 | 志愿服务","SUBLEVEL 1","warmup","你参加过志愿活动吗？","nǐ cānjiā guò zhìyuàn huódòng ma?","参加过，我帮助过社区活动。",""
"Chinese","Chinese_level_31-100_LucyLMS_Ready.docx","LEVEL 65 | 志愿服务","SUBLEVEL 1","warmup","你参加过志愿活动吗？","nǐ cānjiā guò zhìyuàn huódòng ma?","没有，但我很想参加。",""
"Chinese","Chinese_level_31-100_LucyLMS_Ready.docx","LEVEL 65 | 志愿服务","SUBLEVEL 2","discussion","你觉得做志愿者有什么好处？","nǐ juéde zuò zhìyuàn zhě yǒu shénme hǎochù?","可以帮助别人，也可以学到很多。",""
"Chinese","Chinese_level_31-100_LucyLMS_Ready.docx","LEVEL 65 | 志愿服务","SUBLEVEL 2","discussion","你觉得做志愿者有什么好处？","nǐ juéde zuò zhìyuàn zhě yǒu shénme hǎochù?","可以让社会更好。",""
"Chinese","Chinese_level_31-100_LucyLMS_Ready.docx","LEVEL 65 | 志愿服务","SUBLEVEL 3","follow_up","你愿意参加什么类型的志愿活动？","nǐ yuànyì cānjiā shénme lèixíng de zhìyuàn huódòng?","我想帮助老人或者孩子。",""
"Chinese","Chinese_level_31-100_LucyLMS_Ready.docx","LEVEL 66 | 个人成长","SUBLEVEL 1","warmup","你觉得自己最大的进步是什么？","nǐ juéde zìjǐ zuìdà de jìnbù shì shénme?","我的中文进步了很多。",""
"Chinese","Chinese_level_31-100_LucyLMS_Ready.docx","LEVEL 66 | 个人成长","SUBLEVEL 1","warmup","你觉得自己最大的进步是什么？","nǐ juéde zìjǐ zuìdà de jìnbù shì shénme?","我变得更有耐心了。",""
"Chinese","Chinese_level_31-100_LucyLMS_Ready.docx","LEVEL 66 | 个人成长","SUBLEVEL 2","discussion","你觉得自己哪里还需要改进？","nǐ juéde zìjǐ nǎlǐ hái xūyào gǎijìn?","我需要更努力学习。",""
"Chinese","Chinese_level_31-100_LucyLMS_Ready.docx","LEVEL 66 | 个人成长","SUBLEVEL 2","discussion","你觉得自己哪里还需要改进？","nǐ juéde zìjǐ nǎlǐ hái xūyào gǎijìn?","我需要更好地管理时间。",""
"Chinese","Chinese_level_31-100_LucyLMS_Ready.docx","LEVEL 66 | 个人成长","SUBLEVEL 3","follow_up","你怎么看待自己的成长？","nǐ zěnme kàndài zìjǐ de chéngzhǎng?","成长是一个慢慢进步的过程。",""
"Chinese","Chinese_level_31-100_LucyLMS_Ready.docx","LEVEL 67 | 社交与人际关系","SUBLEVEL 1","warmup","你觉得建立良好人际关系重要吗？","nǐ juéde jiànlì liánghǎo rénjì guānxi zhòngyào ma?","很重要，人际关系影响生活质量。",""
"Chinese","Chinese_level_31-100_LucyLMS_Ready.docx","LEVEL 67 | 社交与人际关系","SUBLEVEL 1","warmup","你觉得建立良好人际关系重要吗？","nǐ juéde jiànlì liánghǎo rénjì guānxi zhòngyào ma?","很重要，有好的人际关系可以互相帮助。",""
"Chinese","Chinese_level_31-100_LucyLMS_Ready.docx","LEVEL 67 | 社交与人际关系","SUBLEVEL 2","discussion","你怎么和新朋友相处？","nǐ zěnme hé xīn péngyou xiāngchǔ?","我主动打招呼，也认真倾听。",""
"Chinese","Chinese_level_31-100_LucyLMS_Ready.docx","LEVEL 67 | 社交与人际关系","SUBLEVEL 2","discussion","你怎么和新朋友相处？","nǐ zěnme hé xīn péngyou xiāngchǔ?","我尊重他们，也分享自己的想法。",""
"Chinese","Chinese_level_31-100_LucyLMS_Ready.docx","LEVEL 67 | 社交与人际关系","SUBLEVEL 3","follow_up","你觉得沟通能力重要吗？","nǐ juéde gōutōng nénglì zhòngyào ma?","很重要，好的沟通可以解决问题。",""
"Chinese","Chinese_level_31-100_LucyLMS_Ready.docx","LEVEL 68 | 创造力","SUBLEVEL 1","warmup","你觉得自己有创造力吗？","nǐ juéde zìjǐ yǒu chuàngzàolì ma?","有一点，我喜欢想新的方法。",""
"Chinese","Chinese_level_31-100_LucyLMS_Ready.docx","LEVEL 68 | 创造力","SUBLEVEL 1","warmup","你觉得自己有创造力吗？","nǐ juéde zìjǐ yǒu chuàngzàolì ma?","我觉得自己可以更有创造力。",""
"Chinese","Chinese_level_31-100_LucyLMS_Ready.docx","LEVEL 68 | 创造力","SUBLEVEL 2","discussion","你怎么培养创造力？","nǐ zěnme péiyǎng chuàngzàolì?","我通过阅读和观察来培养。",""
"Chinese","Chinese_level_31-100_LucyLMS_Ready.docx","LEVEL 68 | 创造力","SUBLEVEL 2","discussion","你怎么培养创造力？","nǐ zěnme péiyǎng chuàngzàolì?","我喜欢尝试新事物。",""
"Chinese","Chinese_level_31-100_LucyLMS_Ready.docx","LEVEL 68 | 创造力","SUBLEVEL 3","follow_up","你觉得创造力对工作有帮助吗？","nǐ juéde chuàngzàolì duì gōngzuò yǒu bāngzhù ma?","很有帮助，可以解决问题。",""
"Chinese","Chinese_level_31-100_LucyLMS_Ready.docx","LEVEL 69 | 责任感","SUBLEVEL 1","warmup","你觉得有责任感重要吗？","nǐ juéde yǒu zérèngǎn zhòngyào ma?","很重要，责任感让人更可靠。",""
"Chinese","Chinese_level_31-100_LucyLMS_Ready.docx","LEVEL 69 | 责任感","SUBLEVEL 1","warmup","你觉得有责任感重要吗？","nǐ juéde yǒu zérèngǎn zhòngyào ma?","很重要，这样别人才能信任你。",""
"Chinese","Chinese_level_31-100_LucyLMS_Ready.docx","LEVEL 69 | 责任感","SUBLEVEL 2","discussion","你在哪些方面有责任感？","nǐ zài nǎxiē fāngmiàn yǒu zérèngǎn?","在学习方面，我认真完成作业。",""
"Chinese","Chinese_level_31-100_LucyLMS_Ready.docx","LEVEL 69 | 责任感","SUBLEVEL 2","discussion","你在哪些方面有责任感？","nǐ zài nǎxiē fāngmiàn yǒu zérèngǎn?","在家庭方面，我帮助家人。",""
"Chinese","Chinese_level_31-100_LucyLMS_Ready.docx","LEVEL 69 | 责任感","SUBLEVEL 3","follow_up","你怎么培养责任感？","nǐ zěnme péiyǎng zérèngǎn?","从小事做起，认真对待每件事。",""
"Chinese","Chinese_level_31-100_LucyLMS_Ready.docx","LEVEL 70 | 语言学习策略","SUBLEVEL 1","warmup","你觉得学外语最难的是什么？","nǐ juéde xué wàiyǔ zuì nán de shì shénme?","我觉得发音最难。",""
"Chinese","Chinese_level_31-100_LucyLMS_Ready.docx","LEVEL 70 | 语言学习策略","SUBLEVEL 1","warmup","你觉得学外语最难的是什么？","nǐ juéde xué wàiyǔ zuì nán de shì shénme?","我觉得记住语法规则很难。",""
"Chinese","Chinese_level_31-100_LucyLMS_Ready.docx","LEVEL 70 | 语言学习策略","SUBLEVEL 2","discussion","你用什么方法提高口语？","nǐ yòng shénme fāngfǎ tígāo kǒuyǔ?","我每天练习说话。",""
"Chinese","Chinese_level_31-100_LucyLMS_Ready.docx","LEVEL 70 | 语言学习策略","SUBLEVEL 2","discussion","你用什么方法提高口语？","nǐ yòng shénme fāngfǎ tígāo kǒuyǔ?","我看中文视频，模仿发音。",""
"Chinese","Chinese_level_31-100_LucyLMS_Ready.docx","LEVEL 70 | 语言学习策略","SUBLEVEL 3","follow_up","你觉得语言环境重要吗？","nǐ juéde yǔyán huánjìng zhòngyào ma?","很重要，可以快速提高。",""
"Chinese","Chinese_level_31-100_LucyLMS_Ready.docx","LEVEL 71 | 传统与现代","SUBLEVEL 1","warmup","你觉得传统文化重要吗？","nǐ juéde chuántǒng wénhuà zhòngyào ma?","很重要，是我们的根。",""
"Chinese","Chinese_level_31-100_LucyLMS_Ready.docx","LEVEL 71 | 传统与现代","SUBLEVEL 1","warmup","你觉得传统文化重要吗？","nǐ juéde chuántǒng wénhuà zhòngyào ma?","很重要，可以让我们了解历史。",""
"Chinese","Chinese_level_31-100_LucyLMS_Ready.docx","LEVEL 71 | 传统与现代","SUBLEVEL 2","discussion","传统文化和现代生活有冲突吗？","chuántǒng wénhuà hé xiàndài shēnghuó yǒu chōngtū ma?","有时候有，但可以找到平衡。",""
"Chinese","Chinese_level_31-100_LucyLMS_Ready.docx","LEVEL 71 | 传统与现代","SUBLEVEL 2","discussion","传统文化和现代生活有冲突吗？","chuántǒng wénhuà hé xiàndài shēnghuó yǒu chōngtū ma?","不太有，可以互相结合。",""
"Chinese","Chinese_level_31-100_LucyLMS_Ready.docx","LEVEL 71 | 传统与现代","SUBLEVEL 3","follow_up","你怎么在现代生活中保持传统？","nǐ zěnme zài xiàndài shēnghuó zhōng bǎochí chuántǒng?","我们家每年都过传统节日。",""
"Chinese","Chinese_level_31-100_LucyLMS_Ready.docx","LEVEL 72 | 教育的意义","SUBLEVEL 1","warmup","你觉得教育的目的是什么？","nǐ juéde jiàoyù de mùdì shì shénme?","教育的目的是让人获得知识和能力。",""
"Chinese","Chinese_level_31-100_LucyLMS_Ready.docx","LEVEL 72 | 教育的意义","SUBLEVEL 1","warmup","你觉得教育的目的是什么？","nǐ juéde jiàoyù de mùdì shì shénme?","教育也是培养人格和价值观的过程。",""
"Chinese","Chinese_level_31-100_LucyLMS_Ready.docx","LEVEL 72 | 教育的意义","SUBLEVEL 2","discussion","你觉得学校教育和家庭教育哪个更重要？","nǐ juéde xuéxiào jiàoyù hé jiātíng jiàoyù nǎ gè gèng zhòngyào?","两个都很重要，互相补充。",""
"Chinese","Chinese_level_31-100_LucyLMS_Ready.docx","LEVEL 72 | 教育的意义","SUBLEVEL 2","discussion","你觉得学校教育和家庭教育哪个更重要？","nǐ juéde xuéxiào jiàoyù hé jiātíng jiàoyù nǎ gè gèng zhòngyào?","家庭教育更基础，影响性格。",""
"Chinese","Chinese_level_31-100_LucyLMS_Ready.docx","LEVEL 72 | 教育的意义","SUBLEVEL 3","follow_up","你觉得自学能力重要吗？","nǐ juéde zìxué nénglì zhòngyào ma?","很重要，可以不断进步。",""
"Chinese","Chinese_level_31-100_LucyLMS_Ready.docx","LEVEL 73 | 媒体与信息","SUBLEVEL 1","warmup","你从哪里获取新闻？","nǐ cóng nǎlǐ huòqǔ xīnwén?","我从手机上看新闻。",""
"Chinese","Chinese_level_31-100_LucyLMS_Ready.docx","LEVEL 73 | 媒体与信息","SUBLEVEL 1","warmup","你从哪里获取新闻？","nǐ cóng nǎlǐ huòqǔ xīnwén?","我看电视新闻。",""
"Chinese","Chinese_level_31-100_LucyLMS_Ready.docx","LEVEL 73 | 媒体与信息","SUBLEVEL 2","discussion","你觉得网络信息可靠吗？","nǐ juéde wǎngluò xìnxī kěkào ma?","不一定，要分辨真假。",""
"Chinese","Chinese_level_31-100_LucyLMS_Ready.docx","LEVEL 73 | 媒体与信息","SUBLEVEL 2","discussion","你觉得网络信息可靠吗？","nǐ juéde wǎngluò xìnxī kěkào ma?","有些可靠，但要注意辨别。",""
"Chinese","Chinese_level_31-100_LucyLMS_Ready.docx","LEVEL 73 | 媒体与信息","SUBLEVEL 3","follow_up","你怎么判断信息的真假？","nǐ zěnme pànduàn xìnxī de zhēnjiǎ?","我会查看多个来源。",""
"Chinese","Chinese_level_31-100_LucyLMS_Ready.docx","LEVEL 74 | 全球化","SUBLEVEL 1","warmup","你觉得全球化对生活有什么影响？","nǐ juéde quánqiúhuà duì shēnghuó yǒu shénme yǐngxiǎng?","全球化让我们可以了解更多文化。",""
"Chinese","Chinese_level_31-100_LucyLMS_Ready.docx","LEVEL 74 | 全球化","SUBLEVEL 1","warmup","你觉得全球化对生活有什么影响？","nǐ juéde quánqiúhuà duì shēnghuó yǒu shénme yǐngxiǎng?","全球化带来了更多机会。",""
"Chinese","Chinese_level_31-100_LucyLMS_Ready.docx","LEVEL 74 | 全球化","SUBLEVEL 2","discussion","全球化有什么问题？","quánqiúhuà yǒu shénme wèntí?","文化差异可能带来误解。",""
"Chinese","Chinese_level_31-100_LucyLMS_Ready.docx","LEVEL 74 | 全球化","SUBLEVEL 2","discussion","全球化有什么问题？","quánqiúhuà yǒu shénme wèntí?","一些传统文化可能受到影响。",""
"Chinese","Chinese_level_31-100_LucyLMS_Ready.docx","LEVEL 74 | 全球化","SUBLEVEL 3","follow_up","你觉得学习外语和全球化有关系吗？","nǐ juéde xuéxí wàiyǔ hé quánqiúhuà yǒu guānxi ma?","有关系，外语是沟通的桥梁。",""
"Chinese","Chinese_level_31-100_LucyLMS_Ready.docx","LEVEL 75 | 人生规划","SUBLEVEL 1","warmup","你对未来有什么规划？","nǐ duì wèilái yǒu shénme guīhuà?","我计划继续学习，找到好工作。",""
"Chinese","Chinese_level_31-100_LucyLMS_Ready.docx","LEVEL 75 | 人生规划","SUBLEVEL 1","warmup","你对未来有什么规划？","nǐ duì wèilái yǒu shénme guīhuà?","我希望能在中国工作一段时间。",""
"Chinese","Chinese_level_31-100_LucyLMS_Ready.docx","LEVEL 75 | 人生规划","SUBLEVEL 2","discussion","你觉得规划未来重要吗？","nǐ juéde guīhuà wèilái zhòngyào ma?","很重要，有计划才有方向。",""
"Chinese","Chinese_level_31-100_LucyLMS_Ready.docx","LEVEL 75 | 人生规划","SUBLEVEL 2","discussion","你觉得规划未来重要吗？","nǐ juéde guīhuà wèilái zhòngyào ma?","很重要，可以更好地实现目标。",""
"Chinese","Chinese_level_31-100_LucyLMS_Ready.docx","LEVEL 75 | 人生规划","SUBLEVEL 3","follow_up","你觉得人生中最重要的事情是什么？","nǐ juéde rénshēng zhōng zuì zhòngyào de shìqing shì shénme?","我觉得健康和家人最重要。",""
"Chinese","Chinese_level_31-100_LucyLMS_Ready.docx","LEVEL 76 | 文学与艺术","SUBLEVEL 1","warmup","你喜欢文学或者艺术吗？","nǐ xǐhuān wénxué huòzhě yìshù ma?","我喜欢看小说。",""
"Chinese","Chinese_level_31-100_LucyLMS_Ready.docx","LEVEL 76 | 文学与艺术","SUBLEVEL 1","warmup","你喜欢文学或者艺术吗？","nǐ xǐhuān wénxué huòzhě yìshù ma?","我对绘画很感兴趣。",""
"Chinese","Chinese_level_31-100_LucyLMS_Ready.docx","LEVEL 76 | 文学与艺术","SUBLEVEL 2","discussion","你觉得文学和艺术对生活有什么意义？","nǐ juéde wénxué hé yìshù duì shēnghuó yǒu shénme yìyì?","可以丰富我们的精神生活。",""
"Chinese","Chinese_level_31-100_LucyLMS_Ready.docx","LEVEL 76 | 文学与艺术","SUBLEVEL 2","discussion","你觉得文学和艺术对生活有什么意义？","nǐ juéde wénxué hé yìshù duì shēnghuó yǒu shénme yìyì?","可以帮助我们理解世界。",""
"Chinese","Chinese_level_31-100_LucyLMS_Ready.docx","LEVEL 76 | 文学与艺术","SUBLEVEL 3","follow_up","你有创作的经历吗？","nǐ yǒu chuàngzuò de jīnglì ma?","我写过日记和短文。",""
"Chinese","Chinese_level_31-100_LucyLMS_Ready.docx","LEVEL 77 | 经济与消费","SUBLEVEL 1","warmup","你怎么管理自己的钱？","nǐ zěnme guǎnlǐ zìjǐ de qián?","我会记录每天的消费。",""
"Chinese","Chinese_level_31-100_LucyLMS_Ready.docx","LEVEL 77 | 经济与消费","SUBLEVEL 1","warmup","你怎么管理自己的钱？","nǐ zěnme guǎnlǐ zìjǐ de qián?","我尽量不乱花钱。",""
"Chinese","Chinese_level_31-100_LucyLMS_Ready.docx","LEVEL 77 | 经济与消费","SUBLEVEL 2","discussion","你觉得节省重要吗？","nǐ juéde jiéshěng zhòngyào ma?","很重要，可以为未来做准备。",""
"Chinese","Chinese_level_31-100_LucyLMS_Ready.docx","LEVEL 77 | 经济与消费","SUBLEVEL 2","discussion","你觉得节省重要吗？","nǐ juéde jiéshěng zhòngyào ma?","很重要，但也要适当消费。",""
"Chinese","Chinese_level_31-100_LucyLMS_Ready.docx","LEVEL 77 | 经济与消费","SUBLEVEL 3","follow_up","你对购物有什么看法？","nǐ duì gòuwù yǒu shénme kànfǎ?","我喜欢买需要的东西，不乱买。",""
"Chinese","Chinese_level_31-100_LucyLMS_Ready.docx","LEVEL 78 | 心理健康","SUBLEVEL 1","warmup","你觉得心理健康重要吗？","nǐ juéde xīnlǐ jiànkāng zhòngyào ma?","很重要，和身体健康一样重要。",""
"Chinese","Chinese_level_31-100_LucyLMS_Ready.docx","LEVEL 78 | 心理健康","SUBLEVEL 1","warmup","你觉得心理健康重要吗？","nǐ juéde xīnlǐ jiànkāng zhòngyào ma?","很重要，影响我们的生活质量。",""
"Chinese","Chinese_level_31-100_LucyLMS_Ready.docx","LEVEL 78 | 心理健康","SUBLEVEL 2","discussion","你遇到困难时怎么调整心情？","nǐ yùdào kùnnán shí zěnme tiáozhěng xīnqíng?","我和朋友或家人聊天。",""
"Chinese","Chinese_level_31-100_LucyLMS_Ready.docx","LEVEL 78 | 心理健康","SUBLEVEL 2","discussion","你遇到困难时怎么调整心情？","nǐ yùdào kùnnán shí zěnme tiáozhěng xīnqíng?","我通过运动来放松。",""
"Chinese","Chinese_level_31-100_LucyLMS_Ready.docx","LEVEL 78 | 心理健康","SUBLEVEL 3","follow_up","你觉得求助重要吗？","nǐ juéde qiúzhù zhòngyào ma?","很重要，遇到问题要找人帮忙。",""
"Chinese","Chinese_level_31-100_LucyLMS_Ready.docx","LEVEL 79 | 合理饮食","SUBLEVEL 1","warmup","你觉得均衡饮食重要吗？","nǐ juéde jūnhéng yǐnshí zhòngyào ma?","很重要，可以保持健康。",""
"Chinese","Chinese_level_31-100_LucyLMS_Ready.docx","LEVEL 79 | 合理饮食","SUBLEVEL 1","warmup","你觉得均衡饮食重要吗？","nǐ juéde jūnhéng yǐnshí zhòngyào ma?","很重要，不同食物提供不同营养。",""
"Chinese","Chinese_level_31-100_LucyLMS_Ready.docx","LEVEL 79 | 合理饮食","SUBLEVEL 2","discussion","你觉得什么食物最健康？","nǐ juéde shénme shíwù zuì jiànkāng?","我觉得蔬菜和水果最健康。",""
"Chinese","Chinese_level_31-100_LucyLMS_Ready.docx","LEVEL 79 | 合理饮食","SUBLEVEL 2","discussion","你觉得什么食物最健康？","nǐ juéde shénme shíwù zuì jiànkāng?","我认为均衡摄入各种食物最重要。",""
"Chinese","Chinese_level_31-100_LucyLMS_Ready.docx","LEVEL 79 | 合理饮食","SUBLEVEL 3","follow_up","你平时注意饮食吗？","nǐ píngshí zhùyì yǐnshí ma?","比较注意，我少吃油腻食物。",""
"Chinese","Chinese_level_31-100_LucyLMS_Ready.docx","LEVEL 80 | 运动与健康","SUBLEVEL 1","warmup","你觉得运动和健康有什么关系？","nǐ juéde yùndòng hé jiànkāng yǒu shénme guānxi?","运动可以增强体质，减少生病。",""
"Chinese","Chinese_level_31-100_LucyLMS_Ready.docx","LEVEL 80 | 运动与健康","SUBLEVEL 1","warmup","你觉得运动和健康有什么关系？","nǐ juéde yùndòng hé jiànkāng yǒu shénme guānxi?","运动对身心都有好处。",""
"Chinese","Chinese_level_31-100_LucyLMS_Ready.docx","LEVEL 80 | 运动与健康","SUBLEVEL 2","discussion","你最喜欢什么运动？为什么？","nǐ zuì xǐhuān shénme yùndòng? wèishénme?","我喜欢跑步，因为简单方便。",""
"Chinese","Chinese_level_31-100_LucyLMS_Ready.docx","LEVEL 80 | 运动与健康","SUBLEVEL 2","discussion","你最喜欢什么运动？为什么？","nǐ zuì xǐhuān shénme yùndòng? wèishénme?","我喜欢游泳，因为对身体很好。",""
"Chinese","Chinese_level_31-100_LucyLMS_Ready.docx","LEVEL 80 | 运动与健康","SUBLEVEL 3","follow_up","你觉得多久运动一次合适？","nǐ juéde duō jiǔ yùndòng yí cì héshì?","我觉得每天运动最好。",""
"Chinese","Chinese_level_31-100_LucyLMS_Ready.docx","LEVEL 81 | 自我发展","SUBLEVEL 1","warmup","你认为一个人应该如何不断提升自己？","nǐ rènwéi yí gè rén yīnggāi rúhé bùduàn tíshēng zìjǐ?","我认为一个人不仅要不断学习新知识，而且要通过实践提高自己的能力。只有把学到的东西用在实际生活中，才能真正进步。",""
"Chinese","Chinese_level_31-100_LucyLMS_Ready.docx","LEVEL 81 | 自我发展","SUBLEVEL 1","warmup","你认为一个人应该如何不断提升自己？","nǐ rènwéi yí gè rén yīnggāi rúhé bùduàn tíshēng zìjǐ?","在我看来，自我发展需要长期坚持。一方面要学习，另一方面也要反思自己的不足，这样才能慢慢提高。",""
"Chinese","Chinese_level_31-100_LucyLMS_Ready.docx","LEVEL 81 | 自我发展","SUBLEVEL 2","discussion","自我发展的过程中最重要的是什么？","zìwǒ fāzhǎn de guòchéng zhōng zuì zhòngyào de shì shénme?","我觉得最重要的是坚持，因为很多人一开始很努力，但后来就放弃了。",""
"Chinese","Chinese_level_31-100_LucyLMS_Ready.docx","LEVEL 82 | 机会与选择","SUBLEVEL 1","warmup","你认为机会重要还是选择重要？","nǐ rènwéi jīhuì zhòngyào háishì xuǎnzé zhòngyào?","我认为两者都很重要，但是选择更关键。因为即使有机会，如果选择不对，也很难成功。",""
"Chinese","Chinese_level_31-100_LucyLMS_Ready.docx","LEVEL 82 | 机会与选择","SUBLEVEL 1","warmup","你认为机会重要还是选择重要？","nǐ rènwéi jīhuì zhòngyào háishì xuǎnzé zhòngyào?","在我看来，机会决定开始，而选择决定结果。",""
"Chinese","Chinese_level_31-100_LucyLMS_Ready.docx","LEVEL 82 | 机会与选择","SUBLEVEL 2","discussion","当机会来临时，你通常怎么做决定？","dāng jīhuì láilín shí, nǐ tōngcháng zěnme zuò juédìng?","我会先分析利与弊，然后再做决定，而不是马上行动。",""
"Chinese","Chinese_level_31-100_LucyLMS_Ready.docx","LEVEL 83 | 金钱观","SUBLEVEL 1","warmup","你如何看待金钱在生活中的作用？","nǐ rúhé kàndài jīnqián zài shēnghuó zhōng de zuòyòng?","我认为金钱非常重要，因为它可以满足基本生活需求，但它并不能代表一切。",""
"Chinese","Chinese_level_31-100_LucyLMS_Ready.docx","LEVEL 83 | 金钱观","SUBLEVEL 1","warmup","你如何看待金钱在生活中的作用？","nǐ rúhé kàndài jīnqián zài shēnghuó zhōng de zuòyòng?","金钱不仅可以带来方便，而且可以让人有更多选择，但不能带来真正的幸福。",""
"Chinese","Chinese_level_31-100_LucyLMS_Ready.docx","LEVEL 83 | 金钱观","SUBLEVEL 2","discussion","你认为有钱就一定幸福吗？为什么？","nǐ rènwéi yǒu qián jiù yīdìng xìngfú ma? wèishénme?","不一定，因为幸福还包括感情、健康等方面。",""
"Chinese","Chinese_level_31-100_LucyLMS_Ready.docx","LEVEL 84 | 网络对社会的影响","SUBLEVEL 1","warmup","网络的发展对社会有哪些积极和消极影响？","wǎngluò de fāzhǎn duì shèhuì yǒu nǎxiē jījí hé xiāojí yǐngxiǎng?","一方面，网络让信息传播更快，也方便人们交流；另一方面，也带来了虚假信息等问题。",""
"Chinese","Chinese_level_31-100_LucyLMS_Ready.docx","LEVEL 84 | 网络对社会的影响","SUBLEVEL 1","warmup","网络的发展对社会有哪些积极和消极影响？","wǎngluò de fāzhǎn duì shèhuì yǒu nǎxiē jījí hé xiāojí yǐngxiǎng?","网络不仅提高了效率，而且改变了人们的生活方式，但同时也让人更加依赖电子产品。",""
"Chinese","Chinese_level_31-100_LucyLMS_Ready.docx","LEVEL 84 | 网络对社会的影响","SUBLEVEL 2","discussion","你认为人们是否应该减少使用网络？","nǐ rènwéi rénmen shìfǒu yīnggāi jiǎnshǎo shǐyòng wǎngluò?","我觉得不需要完全减少，而是要合理使用。",""
"Chinese","Chinese_level_31-100_LucyLMS_Ready.docx","LEVEL 85 | 阅读的意义","SUBLEVEL 1","warmup","在信息时代，阅读还有必要吗？","zài xìnxī shídài, yuèdú hái yǒu bìyào ma?","我认为非常有必要，因为阅读可以提高思考能力，而不仅仅是获取信息。",""
"Chinese","Chinese_level_31-100_LucyLMS_Ready.docx","LEVEL 85 | 阅读的意义","SUBLEVEL 1","warmup","在信息时代，阅读还有必要吗？","zài xìnxī shídài, yuèdú hái yǒu bìyào ma?","即使现在有很多视频，人们也不能完全放弃阅读。",""
"Chinese","Chinese_level_31-100_LucyLMS_Ready.docx","LEVEL 85 | 阅读的意义","SUBLEVEL 2","discussion","你认为应该读什么样的书？","nǐ rènwéi yīnggāi dú shénme yàng de shū?","应该根据自己的需要选择，比如提高专业能力或扩大知识面。",""
"Chinese","Chinese_level_31-100_LucyLMS_Ready.docx","LEVEL 86 | 时间管理","SUBLEVEL 1","warmup","为什么很多人觉得时间不够用？","wèishénme hěn duō rén juéde shíjiān bú gòu yòng?","因为他们没有合理安排时间，容易浪费时间。",""
"Chinese","Chinese_level_31-100_LucyLMS_Ready.docx","LEVEL 86 | 时间管理","SUBLEVEL 1","warmup","为什么很多人觉得时间不够用？","wèishénme hěn duō rén juéde shíjiān bú gòu yòng?","一方面事情太多，另一方面没有计划。",""
"Chinese","Chinese_level_31-100_LucyLMS_Ready.docx","LEVEL 86 | 时间管理","SUBLEVEL 2","discussion","如何提高时间利用效率？","rúhé tígāo shíjiān lìyòng xiàolǜ?","我觉得应该先做重要的事情，而不是先做简单的事情。",""
"Chinese","Chinese_level_31-100_LucyLMS_Ready.docx","LEVEL 87 | 努力与天赋","SUBLEVEL 1","warmup","努力和天赋哪个更重要？","nǔlì hé tiānfù nǎ gè gèng zhòngyào?","我认为努力更重要，因为天赋只是基础，而成功需要长期努力。",""
"Chinese","Chinese_level_31-100_LucyLMS_Ready.docx","LEVEL 87 | 努力与天赋","SUBLEVEL 1","warmup","努力和天赋哪个更重要？","nǔlì hé tiānfù nǎ gè gèng zhòngyào?","天赋可以帮助一个人更快进步，但如果不努力，也不会成功。",""
"Chinese","Chinese_level_31-100_LucyLMS_Ready.docx","LEVEL 87 | 努力与天赋","SUBLEVEL 2","discussion","你如何看待【努力一定成功】这句话？","nǐ rúhé kàndài nǔlì yīdìng chénggōng zhè jù huà?","我觉得不完全正确，但努力是成功的重要条件。",""
"Chinese","Chinese_level_31-100_LucyLMS_Ready.docx","LEVEL 88 | 团队合作","SUBLEVEL 1","warmup","为什么团队合作越来越重要？","wèishénme tuánduì hézuò yuèlái yuè zhòngyào?","因为现在很多工作都需要多个人一起完成。",""
"Chinese","Chinese_level_31-100_LucyLMS_Ready.docx","LEVEL 88 | 团队合作","SUBLEVEL 1","warmup","为什么团队合作越来越重要？","wèishénme tuánduì hézuò yuèlái yuè zhòngyào?","团队合作不仅可以提高效率，而且可以互相学习。",""
"Chinese","Chinese_level_31-100_LucyLMS_Ready.docx","LEVEL 88 | 团队合作","SUBLEVEL 2","discussion","如何成为一个好的团队成员？","rúhé chéngwéi yí gè hǎo de tuánduì chéngyuán?","要有责任感，也要学会沟通。",""
"Chinese","Chinese_level_31-100_LucyLMS_Ready.docx","LEVEL 89 | 失败的价值","SUBLEVEL 1","warmup","失败对一个人有什么意义？","shībài duì yí gè rén yǒu shénme yìyì?","失败可以让人发现自己的问题，从而改进。",""
"Chinese","Chinese_level_31-100_LucyLMS_Ready.docx","LEVEL 89 | 失败的价值","SUBLEVEL 1","warmup","失败对一个人有什么意义？","shībài duì yí gè rén yǒu shénme yìyì?","在我看来，失败不仅是结束，也是新的开始。",""
"Chinese","Chinese_level_31-100_LucyLMS_Ready.docx","LEVEL 89 | 失败的价值","SUBLEVEL 2","discussion","面对失败应该怎么做？","miànduì shībài yīnggāi zěnme zuò?","应该总结经验，而不是放弃。",""
"Chinese","Chinese_level_31-100_LucyLMS_Ready.docx","LEVEL 90 | 学习态度","SUBLEVEL 1","warmup","什么是好的学习态度？","shénme shì hǎo de xuéxí tàidu?","好的学习态度是认真、主动，并且坚持。",""
"Chinese","Chinese_level_31-100_LucyLMS_Ready.docx","LEVEL 90 | 学习态度","SUBLEVEL 1","warmup","什么是好的学习态度？","shénme shì hǎo de xuéxí tàidu?","不仅要完成任务，而且要真正理解内容。",""
"Chinese","Chinese_level_31-100_LucyLMS_Ready.docx","LEVEL 90 | 学习态度","SUBLEVEL 2","discussion","学习过程中最容易出现的问题是什么？","xuéxí guòchéng zhōng zuì róngyì chūxiàn de wèntí shì shénme?","很多人缺乏耐心，容易放弃。",""
"Chinese","Chinese_level_31-100_LucyLMS_Ready.docx","LEVEL 91 | 生活方式选择","SUBLEVEL 1","warmup","什么样的生活方式更健康？","shénme yàng de shēnghuó fāngshì gèng jiànkāng?","我认为规律的生活方式最健康，比如早睡早起。",""
"Chinese","Chinese_level_31-100_LucyLMS_Ready.docx","LEVEL 91 | 生活方式选择","SUBLEVEL 1","warmup","什么样的生活方式更健康？","shénme yàng de shēnghuó fāngshì gèng jiànkāng?","不仅要注意饮食，还要保持良好的心态。",""
"Chinese","Chinese_level_31-100_LucyLMS_Ready.docx","LEVEL 91 | 生活方式选择","SUBLEVEL 2","discussion","现代人的生活方式有什么问题？","xiàndài rén de shēnghuó fāngshì yǒu shénme wèntí?","很多人工作压力大，经常熬夜。",""
"Chinese","Chinese_level_31-100_LucyLMS_Ready.docx","LEVEL 92 | 情绪管理","SUBLEVEL 1","warmup","为什么情绪管理很重要？","wèishénme qíngxù guǎnlǐ hěn zhòngyào?","因为情绪会影响我们的判断和行为。",""
"Chinese","Chinese_level_31-100_LucyLMS_Ready.docx","LEVEL 92 | 情绪管理","SUBLEVEL 1","warmup","为什么情绪管理很重要？","wèishénme qíngxù guǎnlǐ hěn zhòngyào?","如果不能控制情绪，就容易做出错误决定。",""
"Chinese","Chinese_level_31-100_LucyLMS_Ready.docx","LEVEL 92 | 情绪管理","SUBLEVEL 2","discussion","你通常如何调节自己的情绪？","nǐ tōngcháng rúhé tiáojié zìjǐ de qíngxù?","我会先冷静下来，然后再思考问题。",""
"Chinese","Chinese_level_31-100_LucyLMS_Ready.docx","LEVEL 93 | 竞争与合作","SUBLEVEL 1","warmup","竞争和合作哪个更重要？","jìngzhēng hé hézuò nǎ gè gèng zhòngyào?","我认为两者都重要，需要根据情况选择。",""
"Chinese","Chinese_level_31-100_LucyLMS_Ready.docx","LEVEL 93 | 竞争与合作","SUBLEVEL 1","warmup","竞争和合作哪个更重要？","jìngzhēng hé hézuò nǎ gè gèng zhòngyào?","一方面竞争可以提高能力，另一方面合作可以提高效率。",""
"Chinese","Chinese_level_31-100_LucyLMS_Ready.docx","LEVEL 93 | 竞争与合作","SUBLEVEL 2","discussion","过度竞争会带来什么问题？","guòdù jìngzhēng huì dài lái shénme wèntí?","可能会影响人际关系。",""
"Chinese","Chinese_level_31-100_LucyLMS_Ready.docx","LEVEL 94 | 未来社会发展","SUBLEVEL 1","warmup","你认为未来社会会发生哪些变化？","nǐ rènwéi wèilái shèhuì huì fāshēng nǎxiē biànhuà?","科技会更加发达，人们的生活会更加方便。",""
"Chinese","Chinese_level_31-100_LucyLMS_Ready.docx","LEVEL 94 | 未来社会发展","SUBLEVEL 1","warmup","你认为未来社会会发生哪些变化？","nǐ rènwéi wèilái shèhuì huì fāshēng nǎxiē biànhuà?","同时竞争也会更加激烈。",""
"Chinese","Chinese_level_31-100_LucyLMS_Ready.docx","LEVEL 94 | 未来社会发展","SUBLEVEL 2","discussion","人们需要具备什么能力？","rénmen xūyào jùbèi shénme nénglì?","需要学习能力和适应能力。",""
"Chinese","Chinese_level_31-100_LucyLMS_Ready.docx","LEVEL 95 | 道德与选择","SUBLEVEL 1","warmup","面对困难选择时，你会考虑什么？","miànduì kùnnán xuǎnzé shí, nǐ huì kǎolǜ shénme?","我会考虑对别人和社会的影响。",""
"Chinese","Chinese_level_31-100_LucyLMS_Ready.docx","LEVEL 95 | 道德与选择","SUBLEVEL 1","warmup","面对困难选择时，你会考虑什么？","miànduì kùnnán xuǎnzé shí, nǐ huì kǎolǜ shénme?","我会坚持自己的原则。",""
"Chinese","Chinese_level_31-100_LucyLMS_Ready.docx","LEVEL 95 | 道德与选择","SUBLEVEL 2","discussion","为什么道德很重要？","wèishénme dàodé hěn zhòngyào?","因为它可以保证社会的稳定。",""
"Chinese","Chinese_level_31-100_LucyLMS_Ready.docx","LEVEL 96 | 人生意义","SUBLEVEL 1","warmup","你认为人生的意义是什么？","nǐ rènwéi rénshēng de yìyì shì shénme?","我认为人生的意义在于实现自己的价值。",""
"Chinese","Chinese_level_31-100_LucyLMS_Ready.docx","LEVEL 96 | 人生意义","SUBLEVEL 1","warmup","你认为人生的意义是什么？","nǐ rènwéi rénshēng de yìyì shì shénme?","也在于帮助别人，让社会变得更好。",""
"Chinese","Chinese_level_31-100_LucyLMS_Ready.docx","LEVEL 96 | 人生意义","SUBLEVEL 2","discussion","每个人的人生意义一样吗？","měi gè rén de rénshēng yìyì yíyàng ma?","不一样，因为每个人的目标不同。",""
"Chinese","Chinese_level_31-100_LucyLMS_Ready.docx","LEVEL 97 | 幸福与成功的关系","SUBLEVEL 1","warmup","幸福和成功之间有什么关系？","xìngfú hé chénggōng zhī jiān yǒu shénme guānxi?","成功可以带来幸福，但不是唯一因素。",""
"Chinese","Chinese_level_31-100_LucyLMS_Ready.docx","LEVEL 97 | 幸福与成功的关系","SUBLEVEL 1","warmup","幸福和成功之间有什么关系？","xìngfú hé chénggōng zhī jiān yǒu shénme guānxi?","幸福更重要，因为成功不一定让人快乐。",""
"Chinese","Chinese_level_31-100_LucyLMS_Ready.docx","LEVEL 97 | 幸福与成功的关系","SUBLEVEL 2","discussion","如果必须选择，你会选哪个？","rúguǒ bìxū xuǎnzé, nǐ huì xuǎn nǎ gè?","我会选择幸福。",""
"Chinese","Chinese_level_31-100_LucyLMS_Ready.docx","LEVEL 98 | 终身学习","SUBLEVEL 1","warmup","为什么人应该终身学习？","wèishénme rén yīnggāi zhōngshēn xuéxí?","因为社会变化很快，不学习就会落后。",""
"Chinese","Chinese_level_31-100_LucyLMS_Ready.docx","LEVEL 98 | 终身学习","SUBLEVEL 1","warmup","为什么人应该终身学习？","wèishénme rén yīnggāi zhōngshēn xuéxí?","学习不仅是为了工作，也是为了提升自己。",""
"Chinese","Chinese_level_31-100_LucyLMS_Ready.docx","LEVEL 98 | 终身学习","SUBLEVEL 2","discussion","你打算如何继续学习？","nǐ dǎsuàn rúhé jìxù xuéxí?","我会通过阅读和上网学习新知识。",""
"Chinese","Chinese_level_31-100_LucyLMS_Ready.docx","LEVEL 99 | 自信的重要性","SUBLEVEL 1","warmup","自信对一个人有什么影响？","zìxìn duì yí gè rén yǒu shénme yǐngxiǎng?","自信可以让人更勇敢面对挑战。",""
"Chinese","Chinese_level_31-100_LucyLMS_Ready.docx","LEVEL 99 | 自信的重要性","SUBLEVEL 1","warmup","自信对一个人有什么影响？","zìxìn duì yí gè rén yǒu shénme yǐngxiǎng?","也可以提高成功的可能性。",""
"Chinese","Chinese_level_31-100_LucyLMS_Ready.docx","LEVEL 99 | 自信的重要性","SUBLEVEL 2","discussion","如何建立自信？","rúhé jiànlì zìxìn?","通过不断成功的小经验。",""
"Chinese","Chinese_level_31-100_LucyLMS_Ready.docx","LEVEL 100 | 人生观","SUBLEVEL 1","warmup","你的人生观是什么？","nǐ de rénshēngguān shì shénme?","我认为应该努力工作，同时也要享受生活。",""
"Chinese","Chinese_level_31-100_LucyLMS_Ready.docx","LEVEL 100 | 人生观","SUBLEVEL 1","warmup","你的人生观是什么？","nǐ de rénshēngguān shì shénme?","人生不仅要成功，也要快乐。",""
"Chinese","Chinese_level_31-100_LucyLMS_Ready.docx","LEVEL 100 | 人生观","SUBLEVEL 2","discussion","你觉得什么样的人生是成功的？","nǐ juéde shénme yàng de rénshēng shì chénggōng de?","我觉得实现目标的人生是成功的。",""
"Chinese","Chinese_level_31-100_LucyLMS_Ready.docx","LEVEL 100 | 人生观","SUBLEVEL 2","discussion","你觉得什么样的人生是成功的？","nǐ juéde shénme yàng de rénshēng shì chénggōng de?","能够让自己和家人幸福就是成功。",""
